model,run_id,size,epochs,noisy_train,epoch,loss,val_loss,lr,epoch_time_s,elapsed_s
3layer_dense,3layer_dense_n2500_ep50_noisy,2500,50,True,1,0.08807584643363953,0.06657232344150543,0.01,1.354,1.36
3layer_dense,3layer_dense_n2500_ep50_noisy,2500,50,True,2,0.052169207483530045,0.04320548474788666,0.01,0.225,1.58
3layer_dense,3layer_dense_n2500_ep50_noisy,2500,50,True,3,0.038503821939229965,0.03493201360106468,0.01,0.223,1.81
3layer_dense,3layer_dense_n2500_ep50_noisy,2500,50,True,4,0.031974710524082184,0.029754476621747017,0.01,0.234,2.04
3layer_dense,3layer_dense_n2500_ep50_noisy,2500,50,True,5,0.02764446847140789,0.027464164420962334,0.01,0.25,2.3
3layer_dense,3layer_dense_n2500_ep50_noisy,2500,50,True,6,0.025743842124938965,0.026021763682365417,0.01,0.238,2.54
3layer_dense,3layer_dense_n2500_ep50_noisy,2500,50,True,7,0.02398340217769146,0.024564361199736595,0.01,0.225,2.76
3layer_dense,3layer_dense_n2500_ep50_noisy,2500,50,True,8,0.022863898426294327,0.02370619960129261,0.01,0.234,3.0
3layer_dense,3layer_dense_n2500_ep50_noisy,2500,50,True,9,0.02147096022963524,0.022600311785936356,0.01,0.23,3.23
3layer_dense,3layer_dense_n2500_ep50_noisy,2500,50,True,10,0.019838517531752586,0.02200467698276043,0.01,0.251,3.48
3layer_dense,3layer_dense_n2500_ep50_noisy,2500,50,True,11,0.018577219918370247,0.020718848332762718,0.01,0.23,3.71
3layer_dense,3layer_dense_n2500_ep50_noisy,2500,50,True,12,0.018153520300984383,0.02075650542974472,0.01,0.222,3.94
3layer_dense,3layer_dense_n2500_ep50_noisy,2500,50,True,13,0.018014322966337204,0.02215438149869442,0.01,0.235,4.17
3layer_dense,3layer_dense_n2500_ep50_noisy,2500,50,True,14,0.018263917416334152,0.02292053773999214,0.01,0.246,4.42
3layer_dense,3layer_dense_n2500_ep50_noisy,2500,50,True,15,0.017937248572707176,0.02031397633254528,0.01,0.227,4.65
3layer_dense,3layer_dense_n2500_ep50_noisy,2500,50,True,16,0.01736711710691452,0.019671764224767685,0.01,0.222,4.87
3layer_dense,3layer_dense_n2500_ep50_noisy,2500,50,True,17,0.016858333721756935,0.020078279078006744,0.01,0.233,5.11
3layer_dense,3layer_dense_n2500_ep50_noisy,2500,50,True,18,0.01683717593550682,0.021779416128993034,0.01,0.233,5.34
3layer_dense,3layer_dense_n2500_ep50_noisy,2500,50,True,19,0.017392603680491447,0.0209120474755764,0.01,0.241,5.58
3layer_dense,3layer_dense_n2500_ep50_noisy,2500,50,True,20,0.017574327066540718,0.020740730687975883,0.01,0.293,5.88
3layer_dense,3layer_dense_n2500_ep50_noisy,2500,50,True,21,0.01789514534175396,0.02062884159386158,0.01,0.229,6.11
3layer_dense,3layer_dense_n2500_ep50_noisy,2500,50,True,22,0.01670975610613823,0.020824214443564415,0.01,0.225,6.34
3layer_dense,3layer_dense_n2500_ep50_noisy,2500,50,True,23,0.015888748690485954,0.021245455369353294,0.01,0.245,6.58
3layer_dense,3layer_dense_n2500_ep50_noisy,2500,50,True,24,0.01619633659720421,0.02017558552324772,0.01,0.219,6.8
3layer_dense,3layer_dense_n2500_ep50_noisy,2500,50,True,25,0.015649644657969475,0.020432574674487114,0.01,0.228,7.03
3layer_dense,3layer_dense_n2500_ep50_noisy,2500,50,True,26,0.015331302769482136,0.01971835270524025,0.01,0.222,7.26
3layer_dense,3layer_dense_n2500_ep50_noisy,2500,50,True,27,0.015469827689230442,0.020285053178668022,0.01,0.243,7.5
3layer_dense,3layer_dense_n2500_ep50_noisy,2500,50,True,28,0.015133194625377655,0.020117469131946564,0.01,0.22,7.72
3layer_dense,3layer_dense_n2500_ep50_noisy,2500,50,True,29,0.015303587540984154,0.019966091960668564,0.01,0.225,7.95
3layer_dense,3layer_dense_n2500_ep50_noisy,2500,50,True,30,0.014612874016165733,0.019044391810894012,0.01,0.229,8.18
3layer_dense,3layer_dense_n2500_ep50_noisy,2500,50,True,31,0.013981579802930355,0.020743651315569878,0.01,0.229,8.41
3layer_dense,3layer_dense_n2500_ep50_noisy,2500,50,True,32,0.014773867093026638,0.02049894630908966,0.01,0.264,8.68
3layer_dense,3layer_dense_n2500_ep50_noisy,2500,50,True,33,0.015636714175343513,0.02190372906625271,0.01,0.438,9.11
3layer_dense,3layer_dense_n2500_ep50_noisy,2500,50,True,34,0.015153716318309307,0.0215084757655859,0.01,0.618,9.73
3layer_dense,3layer_dense_n2500_ep50_noisy,2500,50,True,35,0.01474816631525755,0.0204805638641119,0.01,0.617,10.35
3layer_dense,3layer_dense_n2500_ep50_noisy,2500,50,True,36,0.014910717494785786,0.020756766200065613,0.01,0.421,10.78
3layer_dense,3layer_dense_n2500_ep50_noisy,2500,50,True,37,0.014941745437681675,0.021294791251420975,0.01,0.619,11.4
3layer_dense,3layer_dense_n2500_ep50_noisy,2500,50,True,38,0.015562644228339195,0.020328806713223457,0.01,0.47,11.87
3layer_dense,3layer_dense_n2500_ep50_noisy,2500,50,True,39,0.015191905200481415,0.02093130350112915,0.01,0.227,12.1
3layer_dense,3layer_dense_n2500_ep50_noisy,2500,50,True,40,0.014999886974692345,0.020882191136479378,0.01,0.223,12.32
3layer_dense,3layer_dense_n2500_ep50_noisy,2500,50,True,41,0.014851793646812439,0.020868398249149323,0.01,0.224,12.55
3layer_dense,3layer_dense_n2500_ep50_noisy,2500,50,True,42,0.014833446592092514,0.020915359258651733,0.01,0.232,12.78
3layer_dense,3layer_dense_n2500_ep50_noisy,2500,50,True,43,0.01442941278219223,0.020793547853827477,0.01,0.219,13.0
3layer_dense,3layer_dense_n2500_ep50_noisy,2500,50,True,44,0.01391419768333435,0.021405160427093506,0.01,0.227,13.23
3layer_dense,3layer_dense_n2500_ep50_noisy,2500,50,True,45,0.013870187103748322,0.02143130637705326,0.01,0.232,13.46
3layer_dense,3layer_dense_n2500_ep50_noisy,2500,50,True,46,0.01402509305626154,0.02172255702316761,0.01,0.228,13.69
3layer_dense,3layer_dense_n2500_ep50_noisy,2500,50,True,47,0.014332016929984093,0.022247711196541786,0.01,0.248,13.94
3layer_dense,3layer_dense_n2500_ep50_noisy,2500,50,True,48,0.014528901316225529,0.02127704583108425,0.01,0.232,14.17
3layer_dense,3layer_dense_n2500_ep50_noisy,2500,50,True,49,0.014226936735212803,0.020508116111159325,0.01,0.254,14.43
3layer_dense,3layer_dense_n2500_ep50_noisy,2500,50,True,50,0.014293710701167583,0.020707031711935997,0.01,0.225,14.66
3layer_dense,3layer_dense_n2500_ep100_noisy,2500,100,True,1,0.08807584643363953,0.06657232344150543,0.01,1.214,1.22
3layer_dense,3layer_dense_n2500_ep100_noisy,2500,100,True,2,0.052169207483530045,0.04320548474788666,0.01,0.223,1.44
3layer_dense,3layer_dense_n2500_ep100_noisy,2500,100,True,3,0.038503821939229965,0.03493201360106468,0.01,0.219,1.66
3layer_dense,3layer_dense_n2500_ep100_noisy,2500,100,True,4,0.031974710524082184,0.029754476621747017,0.01,0.237,1.9
3layer_dense,3layer_dense_n2500_ep100_noisy,2500,100,True,5,0.02764446847140789,0.027464164420962334,0.01,0.246,2.15
3layer_dense,3layer_dense_n2500_ep100_noisy,2500,100,True,6,0.025743842124938965,0.026021763682365417,0.01,0.222,2.37
3layer_dense,3layer_dense_n2500_ep100_noisy,2500,100,True,7,0.02398340217769146,0.024564361199736595,0.01,0.229,2.6
3layer_dense,3layer_dense_n2500_ep100_noisy,2500,100,True,8,0.022863898426294327,0.02370619960129261,0.01,0.23,2.83
3layer_dense,3layer_dense_n2500_ep100_noisy,2500,100,True,9,0.02147096022963524,0.022600311785936356,0.01,0.25,3.08
3layer_dense,3layer_dense_n2500_ep100_noisy,2500,100,True,10,0.019838517531752586,0.02200467698276043,0.01,0.227,3.31
3layer_dense,3layer_dense_n2500_ep100_noisy,2500,100,True,11,0.018577219918370247,0.020718848332762718,0.01,0.234,3.55
3layer_dense,3layer_dense_n2500_ep100_noisy,2500,100,True,12,0.018153520300984383,0.02075650542974472,0.01,0.232,3.78
3layer_dense,3layer_dense_n2500_ep100_noisy,2500,100,True,13,0.018014322966337204,0.02215438149869442,0.01,0.242,4.02
3layer_dense,3layer_dense_n2500_ep100_noisy,2500,100,True,14,0.018263917416334152,0.02292053773999214,0.01,0.252,4.28
3layer_dense,3layer_dense_n2500_ep100_noisy,2500,100,True,15,0.017937248572707176,0.02031397633254528,0.01,0.236,4.51
3layer_dense,3layer_dense_n2500_ep100_noisy,2500,100,True,16,0.01736711710691452,0.019671764224767685,0.01,0.227,4.74
3layer_dense,3layer_dense_n2500_ep100_noisy,2500,100,True,17,0.016858333721756935,0.020078279078006744,0.01,0.23,4.98
3layer_dense,3layer_dense_n2500_ep100_noisy,2500,100,True,18,0.01683717593550682,0.021779416128993034,0.01,0.252,5.23
3layer_dense,3layer_dense_n2500_ep100_noisy,2500,100,True,19,0.017392603680491447,0.0209120474755764,0.01,0.231,5.46
3layer_dense,3layer_dense_n2500_ep100_noisy,2500,100,True,20,0.017574327066540718,0.020740730687975883,0.01,0.227,5.69
3layer_dense,3layer_dense_n2500_ep100_noisy,2500,100,True,21,0.01789514534175396,0.02062884159386158,0.01,0.236,5.93
3layer_dense,3layer_dense_n2500_ep100_noisy,2500,100,True,22,0.01670975610613823,0.020824214443564415,0.01,0.262,6.19
3layer_dense,3layer_dense_n2500_ep100_noisy,2500,100,True,23,0.015888748690485954,0.021245455369353294,0.01,0.234,6.43
3layer_dense,3layer_dense_n2500_ep100_noisy,2500,100,True,24,0.01619633659720421,0.02017558552324772,0.01,0.35,6.78
3layer_dense,3layer_dense_n2500_ep100_noisy,2500,100,True,25,0.015649644657969475,0.020432574674487114,0.01,0.499,7.28
3layer_dense,3layer_dense_n2500_ep100_noisy,2500,100,True,26,0.015331302769482136,0.01971835270524025,0.01,0.421,7.7
3layer_dense,3layer_dense_n2500_ep100_noisy,2500,100,True,27,0.015469827689230442,0.020285053178668022,0.01,0.386,8.09
3layer_dense,3layer_dense_n2500_ep100_noisy,2500,100,True,28,0.015133194625377655,0.020117469131946564,0.01,0.418,8.51
3layer_dense,3layer_dense_n2500_ep100_noisy,2500,100,True,29,0.015303587540984154,0.019966091960668564,0.01,0.407,8.92
3layer_dense,3layer_dense_n2500_ep100_noisy,2500,100,True,30,0.014612874016165733,0.019044391810894012,0.01,0.432,9.35
3layer_dense,3layer_dense_n2500_ep100_noisy,2500,100,True,31,0.013981579802930355,0.020743651315569878,0.01,0.384,9.74
3layer_dense,3layer_dense_n2500_ep100_noisy,2500,100,True,32,0.014773867093026638,0.02049894630908966,0.01,0.239,9.98
3layer_dense,3layer_dense_n2500_ep100_noisy,2500,100,True,33,0.015636714175343513,0.02190372906625271,0.01,0.228,10.2
3layer_dense,3layer_dense_n2500_ep100_noisy,2500,100,True,34,0.015153716318309307,0.0215084757655859,0.01,0.248,10.45
3layer_dense,3layer_dense_n2500_ep100_noisy,2500,100,True,35,0.01474816631525755,0.0204805638641119,0.01,0.222,10.68
3layer_dense,3layer_dense_n2500_ep100_noisy,2500,100,True,36,0.014910717494785786,0.020756766200065613,0.01,0.23,10.91
3layer_dense,3layer_dense_n2500_ep100_noisy,2500,100,True,37,0.014941745437681675,0.021294791251420975,0.01,0.236,11.15
3layer_dense,3layer_dense_n2500_ep100_noisy,2500,100,True,38,0.015562644228339195,0.020328806713223457,0.01,0.265,11.41
3layer_dense,3layer_dense_n2500_ep100_noisy,2500,100,True,39,0.015191905200481415,0.02093130350112915,0.01,0.268,11.68
3layer_dense,3layer_dense_n2500_ep100_noisy,2500,100,True,40,0.014999886974692345,0.020882191136479378,0.01,0.234,11.92
3layer_dense,3layer_dense_n2500_ep100_noisy,2500,100,True,41,0.014851793646812439,0.020868398249149323,0.01,0.232,12.15
3layer_dense,3layer_dense_n2500_ep100_noisy,2500,100,True,42,0.014833446592092514,0.020915359258651733,0.01,0.229,12.38
3layer_dense,3layer_dense_n2500_ep100_noisy,2500,100,True,43,0.01442941278219223,0.020793547853827477,0.01,0.246,12.63
3layer_dense,3layer_dense_n2500_ep100_noisy,2500,100,True,44,0.01391419768333435,0.021405160427093506,0.01,0.291,12.92
3layer_dense,3layer_dense_n2500_ep100_noisy,2500,100,True,45,0.013870187103748322,0.02143130637705326,0.01,0.229,13.15
3layer_dense,3layer_dense_n2500_ep100_noisy,2500,100,True,46,0.01402509305626154,0.02172255702316761,0.01,0.228,13.38
3layer_dense,3layer_dense_n2500_ep100_noisy,2500,100,True,47,0.014332016929984093,0.022247711196541786,0.01,0.249,13.63
3layer_dense,3layer_dense_n2500_ep100_noisy,2500,100,True,48,0.014528901316225529,0.02127704583108425,0.01,0.225,13.86
3layer_dense,3layer_dense_n2500_ep100_noisy,2500,100,True,49,0.014226936735212803,0.020508116111159325,0.01,0.225,14.09
3layer_dense,3layer_dense_n2500_ep100_noisy,2500,100,True,50,0.014293710701167583,0.020707031711935997,0.01,0.232,14.32
3layer_dense,3layer_dense_n2500_ep100_noisy,2500,100,True,51,0.01362226065248251,0.020314965397119522,0.01,0.248,14.57
3layer_dense,3layer_dense_n2500_ep100_noisy,2500,100,True,52,0.013342288322746754,0.020533110946416855,0.01,0.236,14.81
3layer_dense,3layer_dense_n2500_ep100_noisy,2500,100,True,53,0.013222302310168743,0.02096244879066944,0.01,0.233,15.04
3layer_dense,3layer_dense_n2500_ep100_noisy,2500,100,True,54,0.012821205891668797,0.019974788650870323,0.01,0.237,15.28
3layer_dense,3layer_dense_n2500_ep100_noisy,2500,100,True,55,0.012660136446356773,0.021363630890846252,0.01,0.237,15.52
3layer_dense,3layer_dense_n2500_ep100_noisy,2500,100,True,56,0.013460497371852398,0.02186339907348156,0.01,0.243,15.76
3layer_dense,3layer_dense_n2500_ep100_noisy,2500,100,True,57,0.013904633931815624,0.020933054387569427,0.01,0.231,15.99
3layer_dense,3layer_dense_n2500_ep100_noisy,2500,100,True,58,0.014688367955386639,0.02116919867694378,0.01,0.235,16.23
3layer_dense,3layer_dense_n2500_ep100_noisy,2500,100,True,59,0.01506087463349104,0.02236868627369404,0.01,0.23,16.46
3layer_dense,3layer_dense_n2500_ep100_noisy,2500,100,True,60,0.015691161155700684,0.0223088376224041,0.01,0.251,16.71
3layer_dense,3layer_dense_n2500_ep100_noisy,2500,100,True,61,0.015133505687117577,0.02095828577876091,0.01,0.233,16.95
3layer_dense,3layer_dense_n2500_ep100_noisy,2500,100,True,62,0.014006683602929115,0.02097424864768982,0.01,0.257,17.21
3layer_dense,3layer_dense_n2500_ep100_noisy,2500,100,True,63,0.013795712031424046,0.022310402244329453,0.01,0.231,17.44
3layer_dense,3layer_dense_n2500_ep100_noisy,2500,100,True,64,0.014275554567575455,0.022423580288887024,0.01,0.244,17.69
3layer_dense,3layer_dense_n2500_ep100_noisy,2500,100,True,65,0.014168520458042622,0.020719537511467934,0.01,0.291,17.98
3layer_dense,3layer_dense_n2500_ep100_noisy,2500,100,True,66,0.014494934119284153,0.02190188691020012,0.01,0.233,18.21
3layer_dense,3layer_dense_n2500_ep100_noisy,2500,100,True,67,0.014064157381653786,0.02146208845078945,0.01,0.234,18.45
3layer_dense,3layer_dense_n2500_ep100_noisy,2500,100,True,68,0.014330781996250153,0.02242797426879406,0.01,0.244,18.69
3layer_dense,3layer_dense_n2500_ep100_noisy,2500,100,True,69,0.014514624141156673,0.02171439677476883,0.01,0.225,18.92
3layer_dense,3layer_dense_n2500_ep100_noisy,2500,100,True,70,0.01430601254105568,0.02008037641644478,0.01,0.236,19.16
3layer_dense,3layer_dense_n2500_ep100_noisy,2500,100,True,71,0.013677799142897129,0.02115999534726143,0.01,0.235,19.39
3layer_dense,3layer_dense_n2500_ep100_noisy,2500,100,True,72,0.014116160571575165,0.021459290757775307,0.01,0.234,19.63
3layer_dense,3layer_dense_n2500_ep100_noisy,2500,100,True,73,0.014007432386279106,0.022868666797876358,0.01,0.36,19.99
3layer_dense,3layer_dense_n2500_ep100_noisy,2500,100,True,74,0.013960443437099457,0.02186610735952854,0.01,0.393,20.38
3layer_dense,3layer_dense_n2500_ep100_noisy,2500,100,True,75,0.013205119408667088,0.020955832675099373,0.01,0.447,20.83
3layer_dense,3layer_dense_n2500_ep100_noisy,2500,100,True,76,0.013106919825077057,0.02195199765264988,0.01,0.588,21.42
3layer_dense,3layer_dense_n2500_ep100_noisy,2500,100,True,77,0.013592042028903961,0.022488584741950035,0.01,0.628,22.05
3layer_dense,3layer_dense_n2500_ep100_noisy,2500,100,True,78,0.014105405658483505,0.023677777498960495,0.01,0.399,22.45
3layer_dense,3layer_dense_n2500_ep100_noisy,2500,100,True,79,0.015040979720652103,0.022807862609624863,0.01,0.367,22.82
3layer_dense,3layer_dense_n2500_ep100_noisy,2500,100,True,80,0.01465111505240202,0.023385733366012573,0.01,0.249,23.07
3layer_dense,3layer_dense_n2500_ep100_noisy,2500,100,True,81,0.014548555947840214,0.0225269366055727,0.01,0.229,23.3
3layer_dense,3layer_dense_n2500_ep100_noisy,2500,100,True,82,0.01438635028898716,0.02300015091896057,0.01,0.228,23.53
3layer_dense,3layer_dense_n2500_ep100_noisy,2500,100,True,83,0.014530619606375694,0.024014554917812347,0.01,0.227,23.76
3layer_dense,3layer_dense_n2500_ep100_noisy,2500,100,True,84,0.013945193029940128,0.023040203377604485,0.01,0.239,24.0
3layer_dense,3layer_dense_n2500_ep100_noisy,2500,100,True,85,0.0135163813829422,0.021880557760596275,0.01,0.246,24.25
3layer_dense,3layer_dense_n2500_ep100_noisy,2500,100,True,86,0.013660278171300888,0.0217011496424675,0.01,0.287,24.53
3layer_dense,3layer_dense_n2500_ep100_noisy,2500,100,True,87,0.014056019484996796,0.022245971485972404,0.01,0.234,24.77
3layer_dense,3layer_dense_n2500_ep100_noisy,2500,100,True,88,0.013867578469216824,0.02237357571721077,0.01,0.246,25.02
3layer_dense,3layer_dense_n2500_ep100_noisy,2500,100,True,89,0.01282030064612627,0.0214685145765543,0.01,0.232,25.25
3layer_dense,3layer_dense_n2500_ep100_noisy,2500,100,True,90,0.012528658844530582,0.021190064027905464,0.01,0.225,25.48
3layer_dense,3layer_dense_n2500_ep100_noisy,2500,100,True,91,0.012440210208296776,0.021178409457206726,0.01,0.23,25.71
3layer_dense,3layer_dense_n2500_ep100_noisy,2500,100,True,92,0.012860206887125969,0.023032348603010178,0.01,0.232,25.94
3layer_dense,3layer_dense_n2500_ep100_noisy,2500,100,True,93,0.013308913446962833,0.024858102202415466,0.01,0.25,26.19
3layer_dense,3layer_dense_n2500_ep100_noisy,2500,100,True,94,0.014405734837055206,0.023088285699486732,0.01,0.238,26.43
3layer_dense,3layer_dense_n2500_ep100_noisy,2500,100,True,95,0.015183920040726662,0.025530468672513962,0.01,0.228,26.66
3layer_dense,3layer_dense_n2500_ep100_noisy,2500,100,True,96,0.015859467908740044,0.023870259523391724,0.01,0.222,26.89
3layer_dense,3layer_dense_n2500_ep100_noisy,2500,100,True,97,0.014602592214941978,0.023818517103791237,0.01,0.242,27.13
3layer_dense,3layer_dense_n2500_ep100_noisy,2500,100,True,98,0.01391690969467163,0.02431366965174675,0.01,0.231,27.36
3layer_dense,3layer_dense_n2500_ep100_noisy,2500,100,True,99,0.01468703057616949,0.025370461866259575,0.01,0.232,27.6
3layer_dense,3layer_dense_n2500_ep100_noisy,2500,100,True,100,0.015109243802726269,0.022559035569429398,0.01,0.231,27.83
3layer_dense,3layer_dense_n5000_ep50_noisy,5000,50,True,1,0.07231210917234421,0.04452502354979515,0.01,1.376,1.38
3layer_dense,3layer_dense_n5000_ep50_noisy,5000,50,True,2,0.035619206726551056,0.02925621159374714,0.01,0.382,1.76
3layer_dense,3layer_dense_n5000_ep50_noisy,5000,50,True,3,0.026310916990041733,0.023894239217042923,0.01,0.401,2.17
3layer_dense,3layer_dense_n5000_ep50_noisy,5000,50,True,4,0.022528210654854774,0.022618427872657776,0.01,0.38,2.55
3layer_dense,3layer_dense_n5000_ep50_noisy,5000,50,True,5,0.020427314564585686,0.020216161385178566,0.01,0.382,2.93
3layer_dense,3layer_dense_n5000_ep50_noisy,5000,50,True,6,0.018583159893751144,0.018671302124857903,0.01,0.386,3.32
3layer_dense,3layer_dense_n5000_ep50_noisy,5000,50,True,7,0.017286410555243492,0.018319088965654373,0.01,0.367,3.69
3layer_dense,3layer_dense_n5000_ep50_noisy,5000,50,True,8,0.01639988087117672,0.018208323046565056,0.01,0.389,4.08
3layer_dense,3layer_dense_n5000_ep50_noisy,5000,50,True,9,0.016238709911704063,0.017294464632868767,0.01,0.406,4.48
3layer_dense,3layer_dense_n5000_ep50_noisy,5000,50,True,10,0.016045870259404182,0.017084835097193718,0.01,0.765,5.25
3layer_dense,3layer_dense_n5000_ep50_noisy,5000,50,True,11,0.015375718474388123,0.017725741490721703,0.01,1.175,6.43
3layer_dense,3layer_dense_n5000_ep50_noisy,5000,50,True,12,0.015235458500683308,0.016977893188595772,0.01,0.686,7.12
3layer_dense,3layer_dense_n5000_ep50_noisy,5000,50,True,13,0.014646783471107483,0.016333458945155144,0.01,0.547,7.66
3layer_dense,3layer_dense_n5000_ep50_noisy,5000,50,True,14,0.014454088173806667,0.016868459060788155,0.01,0.37,8.04
3layer_dense,3layer_dense_n5000_ep50_noisy,5000,50,True,15,0.014219301752746105,0.017427057027816772,0.01,0.393,8.43
3layer_dense,3layer_dense_n5000_ep50_noisy,5000,50,True,16,0.014216424897313118,0.016175037249922752,0.01,0.375,8.81
3layer_dense,3layer_dense_n5000_ep50_noisy,5000,50,True,17,0.014063398353755474,0.016742680221796036,0.01,0.373,9.18
3layer_dense,3layer_dense_n5000_ep50_noisy,5000,50,True,18,0.013907095417380333,0.016314363107085228,0.01,0.392,9.57
3layer_dense,3layer_dense_n5000_ep50_noisy,5000,50,True,19,0.0139303645119071,0.01668134145438671,0.01,0.367,9.94
3layer_dense,3layer_dense_n5000_ep50_noisy,5000,50,True,20,0.014043009839951992,0.016511259600520134,0.01,0.388,10.33
3layer_dense,3layer_dense_n5000_ep50_noisy,5000,50,True,21,0.013922437094151974,0.016834722831845284,0.01,0.373,10.71
3layer_dense,3layer_dense_n5000_ep50_noisy,5000,50,True,22,0.013926111161708832,0.01722354255616665,0.01,0.387,11.1
3layer_dense,3layer_dense_n5000_ep50_noisy,5000,50,True,23,0.014265584759414196,0.017205016687512398,0.01,0.395,11.49
3layer_dense,3layer_dense_n5000_ep50_noisy,5000,50,True,24,0.014401791617274284,0.017888518050312996,0.01,0.364,11.86
3layer_dense,3layer_dense_n5000_ep50_noisy,5000,50,True,25,0.01401227992027998,0.018283512443304062,0.01,0.378,12.24
3layer_dense,3layer_dense_n5000_ep50_noisy,5000,50,True,26,0.013537856750190258,0.017888041213154793,0.01,0.399,12.64
3layer_dense,3layer_dense_n5000_ep50_noisy,5000,50,True,27,0.013704492710530758,0.0181427001953125,0.01,0.378,13.02
3layer_dense,3layer_dense_n5000_ep50_noisy,5000,50,True,28,0.013723161071538925,0.018400950357317924,0.01,0.384,13.4
3layer_dense,3layer_dense_n5000_ep50_noisy,5000,50,True,29,0.013839492574334145,0.01823209598660469,0.01,0.392,13.79
3layer_dense,3layer_dense_n5000_ep50_noisy,5000,50,True,30,0.014163271524012089,0.017815813422203064,0.01,0.37,14.17
3layer_dense,3layer_dense_n5000_ep50_noisy,5000,50,True,31,0.01379609014838934,0.018512731418013573,0.01,0.385,14.55
3layer_dense,3layer_dense_n5000_ep50_noisy,5000,50,True,32,0.01373312808573246,0.017842337489128113,0.01,0.374,14.93
3layer_dense,3layer_dense_n5000_ep50_noisy,5000,50,True,33,0.014127014204859734,0.018339650705456734,0.01,0.369,15.3
3layer_dense,3layer_dense_n5000_ep50_noisy,5000,50,True,34,0.013984501361846924,0.01640734076499939,0.01,0.38,15.68
3layer_dense,3layer_dense_n5000_ep50_noisy,5000,50,True,35,0.013366295956075191,0.016815928742289543,0.01,0.362,16.04
3layer_dense,3layer_dense_n5000_ep50_noisy,5000,50,True,36,0.013356187380850315,0.017885850742459297,0.01,0.374,16.42
3layer_dense,3layer_dense_n5000_ep50_noisy,5000,50,True,37,0.013242021203041077,0.017430566251277924,0.01,0.385,16.8
3layer_dense,3layer_dense_n5000_ep50_noisy,5000,50,True,38,0.013186325319111347,0.017084645107388496,0.01,0.366,17.17
3layer_dense,3layer_dense_n5000_ep50_noisy,5000,50,True,39,0.013079593889415264,0.016863517463207245,0.01,0.485,17.66
3layer_dense,3layer_dense_n5000_ep50_noisy,5000,50,True,40,0.013071437366306782,0.017066771164536476,0.01,0.86,18.52
3layer_dense,3layer_dense_n5000_ep50_noisy,5000,50,True,41,0.012932850047945976,0.01706978864967823,0.01,0.681,19.2
3layer_dense,3layer_dense_n5000_ep50_noisy,5000,50,True,42,0.012945977039635181,0.0170856062322855,0.01,0.744,19.95
3layer_dense,3layer_dense_n5000_ep50_noisy,5000,50,True,43,0.01337265595793724,0.01892535388469696,0.01,0.922,20.87
3layer_dense,3layer_dense_n5000_ep50_noisy,5000,50,True,44,0.01346005592495203,0.01860351860523224,0.01,0.607,21.48
3layer_dense,3layer_dense_n5000_ep50_noisy,5000,50,True,45,0.013639301061630249,0.01885324716567993,0.01,0.391,21.87
3layer_dense,3layer_dense_n5000_ep50_noisy,5000,50,True,46,0.01317074615508318,0.01853581704199314,0.01,0.371,22.25
3layer_dense,3layer_dense_n5000_ep50_noisy,5000,50,True,47,0.013230743817985058,0.01706564985215664,0.01,0.367,22.61
3layer_dense,3layer_dense_n5000_ep50_noisy,5000,50,True,48,0.013566744513809681,0.017848104238510132,0.01,0.38,22.99
3layer_dense,3layer_dense_n5000_ep50_noisy,5000,50,True,49,0.013188318349421024,0.017409218475222588,0.01,0.369,23.37
3layer_dense,3layer_dense_n5000_ep50_noisy,5000,50,True,50,0.012946263886988163,0.018276579678058624,0.01,0.366,23.73
3layer_dense,3layer_dense_n5000_ep100_noisy,5000,100,True,1,0.07231210917234421,0.04452502354979515,0.01,1.354,1.36
3layer_dense,3layer_dense_n5000_ep100_noisy,5000,100,True,2,0.035619206726551056,0.02925621159374714,0.01,0.374,1.73
3layer_dense,3layer_dense_n5000_ep100_noisy,5000,100,True,3,0.026310916990041733,0.023894239217042923,0.01,0.379,2.11
3layer_dense,3layer_dense_n5000_ep100_noisy,5000,100,True,4,0.022528210654854774,0.022618427872657776,0.01,0.359,2.47
3layer_dense,3layer_dense_n5000_ep100_noisy,5000,100,True,5,0.020427314564585686,0.020216161385178566,0.01,0.359,2.84
3layer_dense,3layer_dense_n5000_ep100_noisy,5000,100,True,6,0.018583159893751144,0.018671302124857903,0.01,0.386,3.22
3layer_dense,3layer_dense_n5000_ep100_noisy,5000,100,True,7,0.017286410555243492,0.018319088965654373,0.01,0.363,3.59
3layer_dense,3layer_dense_n5000_ep100_noisy,5000,100,True,8,0.01639988087117672,0.018208323046565056,0.01,0.356,3.94
3layer_dense,3layer_dense_n5000_ep100_noisy,5000,100,True,9,0.016238709911704063,0.017294464632868767,0.01,0.384,4.33
3layer_dense,3layer_dense_n5000_ep100_noisy,5000,100,True,10,0.016045870259404182,0.017084835097193718,0.01,0.357,4.69
3layer_dense,3layer_dense_n5000_ep100_noisy,5000,100,True,11,0.015375718474388123,0.017725741490721703,0.01,0.383,5.07
3layer_dense,3layer_dense_n5000_ep100_noisy,5000,100,True,12,0.015235458500683308,0.016977893188595772,0.01,0.364,5.44
3layer_dense,3layer_dense_n5000_ep100_noisy,5000,100,True,13,0.014646783471107483,0.016333458945155144,0.01,0.365,5.8
3layer_dense,3layer_dense_n5000_ep100_noisy,5000,100,True,14,0.014454088173806667,0.016868459060788155,0.01,0.395,6.2
3layer_dense,3layer_dense_n5000_ep100_noisy,5000,100,True,15,0.014219301752746105,0.017427057027816772,0.01,0.637,6.84
3layer_dense,3layer_dense_n5000_ep100_noisy,5000,100,True,16,0.014216424897313118,0.016175037249922752,0.01,1.363,8.2
3layer_dense,3layer_dense_n5000_ep100_noisy,5000,100,True,17,0.014063398353755474,0.016742680221796036,0.01,0.928,9.13
3layer_dense,3layer_dense_n5000_ep100_noisy,5000,100,True,18,0.013907095417380333,0.016314363107085228,0.01,0.382,9.52
3layer_dense,3layer_dense_n5000_ep100_noisy,5000,100,True,19,0.0139303645119071,0.01668134145438671,0.01,0.362,9.88
3layer_dense,3layer_dense_n5000_ep100_noisy,5000,100,True,20,0.014043009839951992,0.016511259600520134,0.01,0.389,10.27
3layer_dense,3layer_dense_n5000_ep100_noisy,5000,100,True,21,0.013922437094151974,0.016834722831845284,0.01,0.366,10.64
3layer_dense,3layer_dense_n5000_ep100_noisy,5000,100,True,22,0.013926111161708832,0.01722354255616665,0.01,0.368,11.01
3layer_dense,3layer_dense_n5000_ep100_noisy,5000,100,True,23,0.014265584759414196,0.017205016687512398,0.01,0.398,11.41
3layer_dense,3layer_dense_n5000_ep100_noisy,5000,100,True,24,0.014401791617274284,0.017888518050312996,0.01,0.383,11.79
3layer_dense,3layer_dense_n5000_ep100_noisy,5000,100,True,25,0.01401227992027998,0.018283512443304062,0.01,0.367,12.16
3layer_dense,3layer_dense_n5000_ep100_noisy,5000,100,True,26,0.013537856750190258,0.017888041213154793,0.01,0.374,12.54
3layer_dense,3layer_dense_n5000_ep100_noisy,5000,100,True,27,0.013704492710530758,0.0181427001953125,0.01,0.365,12.9
3layer_dense,3layer_dense_n5000_ep100_noisy,5000,100,True,28,0.013723161071538925,0.018400950357317924,0.01,0.374,13.28
3layer_dense,3layer_dense_n5000_ep100_noisy,5000,100,True,29,0.013839492574334145,0.01823209598660469,0.01,0.397,13.68
3layer_dense,3layer_dense_n5000_ep100_noisy,5000,100,True,30,0.014163271524012089,0.017815813422203064,0.01,0.364,14.04
3layer_dense,3layer_dense_n5000_ep100_noisy,5000,100,True,31,0.01379609014838934,0.018512731418013573,0.01,0.393,14.44
3layer_dense,3layer_dense_n5000_ep100_noisy,5000,100,True,32,0.01373312808573246,0.017842337489128113,0.01,0.375,14.81
3layer_dense,3layer_dense_n5000_ep100_noisy,5000,100,True,33,0.014127014204859734,0.018339650705456734,0.01,0.382,15.2
3layer_dense,3layer_dense_n5000_ep100_noisy,5000,100,True,34,0.013984501361846924,0.01640734076499939,0.01,0.389,15.59
3layer_dense,3layer_dense_n5000_ep100_noisy,5000,100,True,35,0.013366295956075191,0.016815928742289543,0.01,0.369,15.96
3layer_dense,3layer_dense_n5000_ep100_noisy,5000,100,True,36,0.013356187380850315,0.017885850742459297,0.01,0.385,16.34
3layer_dense,3layer_dense_n5000_ep100_noisy,5000,100,True,37,0.013242021203041077,0.017430566251277924,0.01,0.405,16.75
3layer_dense,3layer_dense_n5000_ep100_noisy,5000,100,True,38,0.013186325319111347,0.017084645107388496,0.01,0.369,17.12
3layer_dense,3layer_dense_n5000_ep100_noisy,5000,100,True,39,0.013079593889415264,0.016863517463207245,0.01,0.365,17.49
3layer_dense,3layer_dense_n5000_ep100_noisy,5000,100,True,40,0.013071437366306782,0.017066771164536476,0.01,0.374,17.86
3layer_dense,3layer_dense_n5000_ep100_noisy,5000,100,True,41,0.012932850047945976,0.01706978864967823,0.01,0.639,18.5
3layer_dense,3layer_dense_n5000_ep100_noisy,5000,100,True,42,0.012945977039635181,0.0170856062322855,0.01,0.427,18.93
3layer_dense,3layer_dense_n5000_ep100_noisy,5000,100,True,43,0.01337265595793724,0.01892535388469696,0.01,0.668,19.6
3layer_dense,3layer_dense_n5000_ep100_noisy,5000,100,True,44,0.01346005592495203,0.01860351860523224,0.01,1.365,20.97
3layer_dense,3layer_dense_n5000_ep100_noisy,5000,100,True,45,0.013639301061630249,0.01885324716567993,0.01,0.677,21.64
3layer_dense,3layer_dense_n5000_ep100_noisy,5000,100,True,46,0.01317074615508318,0.01853581704199314,0.01,0.468,22.11
3layer_dense,3layer_dense_n5000_ep100_noisy,5000,100,True,47,0.013230743817985058,0.01706564985215664,0.01,0.37,22.49
3layer_dense,3layer_dense_n5000_ep100_noisy,5000,100,True,48,0.013566744513809681,0.017848104238510132,0.01,0.388,22.88
3layer_dense,3layer_dense_n5000_ep100_noisy,5000,100,True,49,0.013188318349421024,0.017409218475222588,0.01,0.388,23.26
3layer_dense,3layer_dense_n5000_ep100_noisy,5000,100,True,50,0.012946263886988163,0.018276579678058624,0.01,0.38,23.65
3layer_dense,3layer_dense_n5000_ep100_noisy,5000,100,True,51,0.013711205683648586,0.019021548330783844,0.01,0.392,24.04
3layer_dense,3layer_dense_n5000_ep100_noisy,5000,100,True,52,0.013933110982179642,0.018652819097042084,0.01,0.382,24.42
3layer_dense,3layer_dense_n5000_ep100_noisy,5000,100,True,53,0.013236216269433498,0.017709841951727867,0.01,0.371,24.8
3layer_dense,3layer_dense_n5000_ep100_noisy,5000,100,True,54,0.012938548810780048,0.01789950579404831,0.01,0.397,25.19
3layer_dense,3layer_dense_n5000_ep100_noisy,5000,100,True,55,0.0137091763317585,0.01890864595770836,0.01,0.382,25.58
3layer_dense,3layer_dense_n5000_ep100_noisy,5000,100,True,56,0.013897900469601154,0.018858782947063446,0.01,0.396,25.98
3layer_dense,3layer_dense_n5000_ep100_noisy,5000,100,True,57,0.013171073980629444,0.018157262355089188,0.01,0.604,26.58
3layer_dense,3layer_dense_n5000_ep100_noisy,5000,100,True,58,0.013096201233565807,0.018745239824056625,0.01,0.384,26.97
3layer_dense,3layer_dense_n5000_ep100_noisy,5000,100,True,59,0.013408910483121872,0.01898590475320816,0.01,0.363,27.33
3layer_dense,3layer_dense_n5000_ep100_noisy,5000,100,True,60,0.013761156238615513,0.018958957865834236,0.01,0.371,27.7
3layer_dense,3layer_dense_n5000_ep100_noisy,5000,100,True,61,0.01372617483139038,0.0180735494941473,0.01,0.397,28.1
3layer_dense,3layer_dense_n5000_ep100_noisy,5000,100,True,62,0.013825825415551662,0.019311612471938133,0.01,0.395,28.5
3layer_dense,3layer_dense_n5000_ep100_noisy,5000,100,True,63,0.013971243984997272,0.0182208102196455,0.01,0.376,28.88
3layer_dense,3layer_dense_n5000_ep100_noisy,5000,100,True,64,0.01345803588628769,0.018858609721064568,0.01,0.394,29.27
3layer_dense,3layer_dense_n5000_ep100_noisy,5000,100,True,65,0.0134178651496768,0.019059985876083374,0.01,0.376,29.65
3layer_dense,3layer_dense_n5000_ep100_noisy,5000,100,True,66,0.013371231965720654,0.018436048179864883,0.01,0.365,30.02
3layer_dense,3layer_dense_n5000_ep100_noisy,5000,100,True,67,0.013331292197108269,0.018639622256159782,0.01,0.399,30.42
3layer_dense,3layer_dense_n5000_ep100_noisy,5000,100,True,68,0.013158464804291725,0.017901716753840446,0.01,0.386,30.8
3layer_dense,3layer_dense_n5000_ep100_noisy,5000,100,True,69,0.012753797695040703,0.017969010397791862,0.01,0.387,31.19
3layer_dense,3layer_dense_n5000_ep100_noisy,5000,100,True,70,0.012823597528040409,0.018670765683054924,0.01,0.377,31.57
3layer_dense,3layer_dense_n5000_ep100_noisy,5000,100,True,71,0.013097886927425861,0.019801514223217964,0.01,0.546,32.12
3layer_dense,3layer_dense_n5000_ep100_noisy,5000,100,True,72,0.013277015648782253,0.019175289198756218,0.01,0.808,32.93
3layer_dense,3layer_dense_n5000_ep100_noisy,5000,100,True,73,0.013322373852133751,0.01967785507440567,0.01,1.27,34.2
3layer_dense,3layer_dense_n5000_ep100_noisy,5000,100,True,74,0.013203153386712074,0.019191483035683632,0.01,0.609,34.81
3layer_dense,3layer_dense_n5000_ep100_noisy,5000,100,True,75,0.013214780949056149,0.01859038509428501,0.01,0.376,35.19
3layer_dense,3layer_dense_n5000_ep100_noisy,5000,100,True,76,0.013474216684699059,0.018621627241373062,0.01,0.401,35.59
3layer_dense,3layer_dense_n5000_ep100_noisy,5000,100,True,77,0.013309652917087078,0.01894177868962288,0.01,0.37,35.96
3layer_dense,3layer_dense_n5000_ep100_noisy,5000,100,True,78,0.01332654245197773,0.01947649009525776,0.01,0.378,36.34
3layer_dense,3layer_dense_n5000_ep100_noisy,5000,100,True,79,0.013755309395492077,0.020253654569387436,0.01,0.393,36.73
3layer_dense,3layer_dense_n5000_ep100_noisy,5000,100,True,80,0.013837680220603943,0.018533920869231224,0.01,0.367,37.1
3layer_dense,3layer_dense_n5000_ep100_noisy,5000,100,True,81,0.01389725599437952,0.019177062436938286,0.01,0.428,37.53
3layer_dense,3layer_dense_n5000_ep100_noisy,5000,100,True,82,0.014052879065275192,0.019031642004847527,0.01,0.371,37.9
3layer_dense,3layer_dense_n5000_ep100_noisy,5000,100,True,83,0.014271028339862823,0.018947012722492218,0.01,0.371,38.28
3layer_dense,3layer_dense_n5000_ep100_noisy,5000,100,True,84,0.014323718845844269,0.020247481763362885,0.01,0.382,38.66
3layer_dense,3layer_dense_n5000_ep100_noisy,5000,100,True,85,0.014008971862494946,0.019353041425347328,0.01,0.369,39.03
3layer_dense,3layer_dense_n5000_ep100_noisy,5000,100,True,86,0.013477427884936333,0.02015627548098564,0.01,0.378,39.41
3layer_dense,3layer_dense_n5000_ep100_noisy,5000,100,True,87,0.013251489028334618,0.01941535994410515,0.01,0.392,39.8
3layer_dense,3layer_dense_n5000_ep100_noisy,5000,100,True,88,0.01310727559030056,0.018970506265759468,0.01,0.375,40.18
3layer_dense,3layer_dense_n5000_ep100_noisy,5000,100,True,89,0.013412325643002987,0.019085528329014778,0.01,0.399,40.58
3layer_dense,3layer_dense_n5000_ep100_noisy,5000,100,True,90,0.013756387867033482,0.020478835329413414,0.01,0.375,40.96
3layer_dense,3layer_dense_n5000_ep100_noisy,5000,100,True,91,0.013638713397085667,0.01999146305024624,0.01,0.38,41.34
3layer_dense,3layer_dense_n5000_ep100_noisy,5000,100,True,92,0.013514868915081024,0.019398512318730354,0.01,0.408,41.75
3layer_dense,3layer_dense_n5000_ep100_noisy,5000,100,True,93,0.013732031919062138,0.020001275464892387,0.01,0.365,42.11
3layer_dense,3layer_dense_n5000_ep100_noisy,5000,100,True,94,0.013793457299470901,0.019420942291617393,0.01,0.382,42.5
3layer_dense,3layer_dense_n5000_ep100_noisy,5000,100,True,95,0.013841480948030949,0.01948467642068863,0.01,0.388,42.89
3layer_dense,3layer_dense_n5000_ep100_noisy,5000,100,True,96,0.013966210186481476,0.019993368536233902,0.01,0.378,43.27
3layer_dense,3layer_dense_n5000_ep100_noisy,5000,100,True,97,0.013646823354065418,0.019533473998308182,0.01,0.374,43.64
3layer_dense,3layer_dense_n5000_ep100_noisy,5000,100,True,98,0.013307621702551842,0.019640205428004265,0.01,0.38,44.02
3layer_dense,3layer_dense_n5000_ep100_noisy,5000,100,True,99,0.013604248873889446,0.019991500303149223,0.01,0.386,44.41
3layer_dense,3layer_dense_n5000_ep100_noisy,5000,100,True,100,0.013601783663034439,0.01937263086438179,0.01,0.542,44.95
